{
  "project_info": {
    "project_number": "363836968578",
    "project_id": "ytvideosearch-4b6c6",
    "storage_bucket": "ytvideosearch-4b6c6.firebasestorage.app"
  },
  "client": [
    {
      "client_info": {
        "mobilesdk_app_id": "1:363836968578:android:0bd353d004ba2e61662e9b",
        "android_client_info": {
          "package_name": "com.example.yt_video_search"
        }
      },
      "oauth_client": [],
      "api_key": [
        {
          "current_key": "AIzaSyC_00N7rXv3IUoyD2SfHxE7OUYtzsV0Qqw"
        }
      ],
      "services": {
        "appinvite_service": {
          "other_platform_oauth_client": []
        }
      }
    }
  ],
  "configuration_version": "1"
}